<?xml version="1.0" encoding="utf-8" ?>
<toolbox>
	<parametre id="defaultCategories">CAT_LOGIC,CAT_MATH,CAT_TEXT,CAT_TAB,CAT_VARIABLES,CAT_FUNCTIONS,CAT_ARDUINO,CAT_ARDUINO_IN,CAT_ARDUINO_TIME,CAT_actionneur,CAT_ultrason,CAT_com,CAT_STOCKAGE</parametre>
    <category name="CAT_LOGIC" colour="#727272">
		<block type="controls_if"></block>
        <block type="controls_repeat_ext"></block>
        <block type="controls_whileUntil"></block>
        <block type="controls_flow_statements"></block>
		<block type="inout_onoff"></block>
        <block type="logic_operation"></block>
		<block type="controls_for"></block>
		<block type="controls_switch"></block>
        <block type="logic_negate"></block>
        <block type="logic_null"></block>
	</category>
    <category name="CAT_MATH" colour="#00cc00">
        <block type="math_number"></block>
		<block type="inout_angle_maths"></block>
        <block type="logic_compare"></block>
        <block type="math_arithmetic"></block>
		<block type="intervalle"></block>
        <block type="math_single"></block>
        <block type="math_round"></block>
        <block type="math_trig"></block>
        <block type="math_constant"></block>
        <block type="math_number_property"></block>
        <block type="math_modulo"></block>
		<block type="math_random_int"></block>
    </category>
    <category name="CAT_TEXT" colour="#FD6C9E">
		<block type="text"></block>
		<block type="text_char"></block>
		<block type="text_join"></block>
        <block type="text_length"></block>
        <block type="text_isEmpty"></block>
    </category>
	<category name="CAT_TAB" colour="#804000">
		<block type="creer_tableau"></block>
		<block type="array_create_with"></block>
		<block type="fixer_tableau"></block>
		<block type="array_getIndex"></block>
		<block type="array_getsize"></block>
    </category>
    <category name="CAT_VARIABLES" custom="VARIABLE" colour="#FFA500"></category>
    <category name="CAT_FUNCTIONS" custom="PROCEDURE" colour="#FF0000"></category>
    <category name="CAT_ARDUINO" colour="#4a235a">
		<block type="base_begin"></block>
		<block type="base_loop"></block>
		<block type="base_define"></block>
		<block type="base_setup_loop"></block>
		<block type="base_end"></block>
		<block type="base_code"></block>
		<block type="base_code_entree"></block>
	</category>
	<category name="CAT_ARDUINO_IN" colour="#787746">
		<block type="digital_read"></block>
		<block type="inout_analog_read"></block>
		<block type="inout_attachInterrupt"></block>
		<block type="inout_detachInterrupt"></block>
		<block type="inout_digital_write"></block>
		<block type="inout_analog_write"></block>
		<block type="toggle"></block>
	</category>	
	<category name="CAT_ARDUINO_TIME" colour="#bbbbbb">			
		<block type="millis"></block>		
        <block type="inout_pulsein"></block>
		<block type="base_delay"></block>
		<block type="tempo_sans_delay"></block>
	</category>
	<category name="CAT_actionneur" colour="#00929F">	
		<category name="CAT_del" colour="#00929F">			
			<block type="inout_buildin_led"></block>
			<block type="blink"></block>
			<block type="digital_write"></block>
			<block type="bargraphe"></block>
			<block type="bargraphe_allume"></block>
			<block type="rvb_init"></block>
			<block type="rvb_set"></block>
			<block type="pixel_init"></block>
			<block type="pixel_setcolor"></block>
			<block type="pixel_show"></block>
			<block type="pixel_setbrightness"></block>
		</category>
		<category name="CAT_ARDUINO_matrice8x8" colour="#00929F">
			<block type="matrice_init"></block>
			<block type="matrice_symbole"></block>
			<block type="matrice8x8_aff"></block>
			<block type="matrice8x8_efface"></block>
			<block type="matrice8x8_del"></block>
			<block type="matrice_scroll"></block>
		</category>
		<category name="CAT_DFRobot_SHIELD_LCDKEYPAD" colour="#00929F">
			<block type="lcd_i2c"></block>
			<block type="lcd_symbole"></block>
			<block type="lcd_aff_symbole"></block>
			<block type="LCD_Keypad_Shield_DFR_09"></block>
			<block type="LCD_Keypad_Shield_DFR_09_lc"></block>
			<block type="LCD_Keypad_Shield_DFR_09_RAZ"></block>
			<block type="lcd"></block>
		</category> 
		<category name="CAT_ARDUINO_moteur" colour="#00929f">
			<block type="moteur_dc"></block>
			<block type="moteur_dc_stop"></block>
			<block type="m_pap"></block>
			<block type="m_pap_step"></block>
			<block type="moteur_action"></block>
			<block type="moteur_stop"></block>
			<block type="dagu_rs027"></block>
		</category>	
		<category name="CAT_servo" colour="#00929f">
			<block type="servo_move"></block>
			<block type="servo_rot_continue_param"></block>
		</category>
		<category name="CAT_DFPLAYER" colour="#00929F">
			<block type="play"></block>
			<block type="tone"></block>
			<block type="notone"></block>
			<block type="lp2i_mp3_init"></block>
			<block type="lp2i_mp3_play"></block>
			<block type="lp2i_mp3_play_track"></block>
			<block type="lp2i_mp3_pause"></block>
			<block type="lp2i_mp3_next"></block>
			<block type="lp2i_mp3_prev"></block>
			<block type="lp2i_mp3_volume"></block>
		</category>	
	</category>
	<category name="CAT_ultrason" colour="#00929F">
		<category name="CAT_numerique" colour="#00929F">
			<block type="inout_bp"></block>
			<block type="mc005"></block>
			<block type="block_sensitif"></block>
			<block type="block_anticollision"></block>
			<block type="suiveur_ligne"></block>
			<block type="block_pir"></block>
			<block type="block_feu"></block>
			<block type="inter"></block>
		</category>
		<category name="CAT_analogique" colour="#00929F">
			<block type="dht11"></block>
			<block type="dht22"></block>
			<block type="BME280"></block>
			<block type="BME280_pressure"></block>
			<block type="VL53L0X"></block>
			<block type="VL53L0X_distance"></block>
			<block type="ultrason"></block>
			<block type="ultrason_distance"></block>
			<block type="grove_ldr"></block>
			<block type="cap615"></block>
			<block type="potentiometre"></block>
			<block type="cap661"></block>
		</category>
	</category>
	<category name="CAT_com" colour="#006000">
		<category name="CAT_ARDUINO_COMM_SERIAL" colour="#006000">
			<block type="serial_init"></block>
			<block type="serial_write"></block>	
			<block type="serial_available"></block>
			<block type="serial_read"></block>
			<block type="serial_line"></block>
			<block type="serial_tab"></block>
		</category>
		<category name="CAT_ARDUINO_COMM_SOFTSERIAL" colour="#006000">
			<block type="soft_init"></block>
			<block type="soft_write"></block>
			<block type="soft_available"></block>
			<block type="soft_read"></block>
			<block type="serial_line"></block>
			<block type="serial_tab"></block>
		</category>
		<category name="CAT_bluetooth" colour="#006000">
			<block type="bluetooth_init"></block>
			<block type="bluetooth_a"></block>
			<block type="bluetooth_b"></block>
		</category>
	</category>
	<category name="CAT_STOCKAGE" colour="#154360">	
		<block type="eeprom_read"></block>		
        <block type="eeprom_write"></block>
	</category>	
</toolbox>