<xml xmlns="http://www.w3.org/1999/xhtml">
  <toolbox>toolbox_arduino_all</toolbox>
  <block type="serial_init" id="2h,`{|5gr?b3-3?hxn[!" x="366" y="147">
    <field name="SPEED">9600</field>
  </block>
  <block type="base_loop" id="^yT}+B!rygZxw9{G30+x" x="251" y="182">
    <statement name="LOOP">
      <block type="serial_write" id="/cqUHLqS~k,0zOG}cIc=">
        <value name="CONTENT">
          <block type="inout_analog_read" id="aU${t=_YqS:D:$x!I!25">
            <field name="broche">A0</field>
          </block>
        </value>
        <next>
          <block type="serial_write" id="$xpLUG:0#P2VXDO+I9^S">
            <value name="CONTENT">
              <block type="serial_line" id="TLm@wxNWHxzfzd/QsA(#"></block>
            </value>
            <next>
              <block type="base_delay" id="$8h}E4qdBI6BxAZ;y5=w">
                <field name="unite">s</field>
                <value name="DELAY_TIME">
                  <block type="math_number" id="/|},Z9)TfYEscfaL+-p2">
                    <field name="NUM">1</field>
                  </block>
                </value>
              </block>
            </next>
          </block>
        </next>
      </block>
    </statement>
  </block>
</xml>