<xml xmlns="http://www.w3.org/1999/xhtml">
  <toolbox>toolbox_arduino_all</toolbox>
  <block type="base_define" id="}A8tSI)w~rmLs);UTM}@" x="-97" y="62">
    <statement name="DO">
      <block type="matrice_symbole" id="s62koaOA_V9O(d[m6N|Y">
        <field name="VAR">smile</field>
        <field name="matrix">8</field>
        <field name="L1">00000000</field>
        <field name="L2">01000010</field>
        <field name="L3">01000010</field>
        <field name="L4">00000000</field>
        <field name="L5">00000000</field>
        <field name="L6">10000001</field>
        <field name="L7">01000010</field>
        <field name="L8">00111100</field>
        <next>
          <block type="matrice_symbole" id="mS{O[tRZMc[[0#B6MU*2">
            <field name="VAR">triste</field>
            <field name="matrix">8</field>
            <field name="L1">00000000</field>
            <field name="L2">01000010</field>
            <field name="L3">01000010</field>
            <field name="L4">00000000</field>
            <field name="L5">00000000</field>
            <field name="L6">00111100</field>
            <field name="L7">01000010</field>
            <field name="L8">10000001</field>
          </block>
        </next>
      </block>
    </statement>
  </block>
  <block type="matrice_init" id="DD$n_SNhtZMyg#no8^(P" x="322" y="105">
    <mutation matrix="8"></mutation>
    <field name="matrix">8</field>
    <value name="DIN">
      <block type="math_number" id="5XZRx%[s/={49,)ndB2u">
        <field name="NUM">12</field>
      </block>
    </value>
    <value name="CLK">
      <block type="math_number" id="kHo(16C0([]+o^%B-Dik">
        <field name="NUM">11</field>
      </block>
    </value>
    <value name="CS">
      <block type="math_number" id=":tBlNg|++cAE)Y3Xi,bY">
        <field name="NUM">10</field>
      </block>
    </value>
  </block>
  <block type="base_loop" id="fOi=JjS{526Se^jIS($V" x="332" y="377">
    <statement name="LOOP">
      <block type="matrice8x8_aff" id="9[[^9z=z(WS0lm^J%:t|">
        <field name="VAR">smile</field>
        <next>
          <block type="base_delay" id="4.2P7odV=s~pH}C!31t%">
            <field name="unite">s</field>
            <value name="DELAY_TIME">
              <block type="math_number" id="ue+WB[U;iMy|7Qxz]6Gb">
                <field name="NUM">1</field>
              </block>
            </value>
            <next>
              <block type="matrice8x8_aff" id="k.m*~Kss`8mVaQ|gpoPd">
                <field name="VAR">triste</field>
                <next>
                  <block type="base_delay" id="o)XAw#?6~h+[MLn9@yD7">
                    <field name="unite">s</field>
                    <value name="DELAY_TIME">
                      <block type="math_number" id=".:rXThMve3BX;AYlv$Wa">
                        <field name="NUM">1</field>
                      </block>
                    </value>
                  </block>
                </next>
              </block>
            </next>
          </block>
        </next>
      </block>
    </statement>
  </block>
</xml>